<?xml version="1.0" encoding="UTF-8"?>
<project-private xmlns="http://www.netbeans.org/ns/project-private/1">
    <editor-bookmarks xmlns="http://www.netbeans.org/ns/editor-bookmarks/2" lastBookmarkId="0"/>
    <open-files xmlns="http://www.netbeans.org/ns/projectui-open-files/2">
        <group>
            <file>file:/C:/Users/Inoth/Documents/NetBeansProjects/Library%20Management%20System%20Java%20Project%20Source%20Code/src/Library_Management/Loading.java</file>
            <file>file:/C:/Users/Inoth/Documents/NetBeansProjects/Library%20Management%20System%20Java%20Project%20Source%20Code/src/Library_Management/Return.java</file>
            <file>file:/C:/Users/Inoth/Documents/NetBeansProjects/Library%20Management%20System%20Java%20Project%20Source%20Code/src/Library_Management/Signup.java</file>
            <file>file:/C:/Users/Inoth/Documents/NetBeansProjects/Library%20Management%20System%20Java%20Project%20Source%20Code/src/Library_Management/Issue.java</file>
            <file>file:/C:/Users/Inoth/Documents/NetBeansProjects/Library%20Management%20System%20Java%20Project%20Source%20Code/src/Library_Management/Statistics.java</file>
            <file>file:/C:/Users/Inoth/Documents/NetBeansProjects/Library%20Management%20System%20Java%20Project%20Source%20Code/src/Library_Management/Forgot.java</file>
            <file>file:/C:/Users/Inoth/Documents/NetBeansProjects/Library%20Management%20System%20Java%20Project%20Source%20Code/src/Library_Management/Login.java</file>
            <file>file:/C:/Users/Inoth/Documents/NetBeansProjects/Library%20Management%20System%20Java%20Project%20Source%20Code/src/Library_Management/NewBook.java</file>
            <file>file:/C:/Users/Inoth/Documents/NetBeansProjects/Library%20Management%20System%20Java%20Project%20Source%20Code/src/Library_Management/Home.java</file>
            <file>file:/C:/Users/Inoth/Documents/NetBeansProjects/Library%20Management%20System%20Java%20Project%20Source%20Code/src/Library_Management/Student.java</file>
        </group>
    </open-files>
</project-private>
